"","obs.corr","obs.corr.p","obs.rank","runs","obs.rand.p","random.corrs"
"1",-0.0486070522140303,8.72542041708024e-12,1,999,0.001,-0.00570410510998855
"2",-0.0486070522140303,8.72542041708024e-12,1,999,0.001,-0.0041520170590234
"3",-0.0486070522140303,8.72542041708024e-12,1,999,0.001,-0.00325339448018237
"4",-0.0486070522140303,8.72542041708024e-12,1,999,0.001,0.00528598010248297
"5",-0.0486070522140303,8.72542041708024e-12,1,999,0.001,0.0156982801744854
"6",-0.0486070522140303,8.72542041708024e-12,1,999,0.001,0.0089495205898835
"7",-0.0486070522140303,8.72542041708024e-12,1,999,0.001,0.00203404965304133
"8",-0.0486070522140303,8.72542041708024e-12,1,999,0.001,0.00475169597893158
"9",-0.0486070522140303,8.72542041708024e-12,1,999,0.001,-0.0215666415114228
"10",-0.0486070522140303,8.72542041708024e-12,1,999,0.001,-0.000370295987294404
"11",-0.0486070522140303,8.72542041708024e-12,1,999,0.001,0.0285860460994803
"12",-0.0486070522140303,8.72542041708024e-12,1,999,0.001,0.0179826449738719
"13",-0.0486070522140303,8.72542041708024e-12,1,999,0.001,-0.0165738952381630
"14",-0.0486070522140303,8.72542041708024e-12,1,999,0.001,-0.00551565153585731
"15",-0.0486070522140303,8.72542041708024e-12,1,999,0.001,-0.00575213425478549
"16",-0.0486070522140303,8.72542041708024e-12,1,999,0.001,-0.00509845151080565
"17",-0.0486070522140303,8.72542041708024e-12,1,999,0.001,0.00819220207399511
"18",-0.0486070522140303,8.72542041708024e-12,1,999,0.001,0.0152906489574203
"19",-0.0486070522140303,8.72542041708024e-12,1,999,0.001,-0.000588598799985115
"20",-0.0486070522140303,8.72542041708024e-12,1,999,0.001,0.00527840163221747
"21",-0.0486070522140303,8.72542041708024e-12,1,999,0.001,0.00186592464355637
"22",-0.0486070522140303,8.72542041708024e-12,1,999,0.001,-0.0115564258237948
"23",-0.0486070522140303,8.72542041708024e-12,1,999,0.001,0.0164727472892667
"24",-0.0486070522140303,8.72542041708024e-12,1,999,0.001,0.00240748859420063
"25",-0.0486070522140303,8.72542041708024e-12,1,999,0.001,-0.00964736327173298
"26",-0.0486070522140303,8.72542041708024e-12,1,999,0.001,-0.00308932572216306
"27",-0.0486070522140303,8.72542041708024e-12,1,999,0.001,-0.00723559693869604
"28",-0.0486070522140303,8.72542041708024e-12,1,999,0.001,-0.00365223312168101
"29",-0.0486070522140303,8.72542041708024e-12,1,999,0.001,-0.0231043022341575
"30",-0.0486070522140303,8.72542041708024e-12,1,999,0.001,0.00139772523676823
"31",-0.0486070522140303,8.72542041708024e-12,1,999,0.001,-0.00400949765224633
"32",-0.0486070522140303,8.72542041708024e-12,1,999,0.001,-0.00444443244866561
"33",-0.0486070522140303,8.72542041708024e-12,1,999,0.001,0.00338995331745073
"34",-0.0486070522140303,8.72542041708024e-12,1,999,0.001,0.00425432068560591
"35",-0.0486070522140303,8.72542041708024e-12,1,999,0.001,0.00389257293540782
"36",-0.0486070522140303,8.72542041708024e-12,1,999,0.001,-0.0132655530202603
"37",-0.0486070522140303,8.72542041708024e-12,1,999,0.001,-0.00612235428753025
"38",-0.0486070522140303,8.72542041708024e-12,1,999,0.001,-0.00503102044038627
"39",-0.0486070522140303,8.72542041708024e-12,1,999,0.001,0.0025889408405764
"40",-0.0486070522140303,8.72542041708024e-12,1,999,0.001,-0.0079446476318371
"41",-0.0486070522140303,8.72542041708024e-12,1,999,0.001,-0.000126245889399743
"42",-0.0486070522140303,8.72542041708024e-12,1,999,0.001,0.00641771776918975
"43",-0.0486070522140303,8.72542041708024e-12,1,999,0.001,-0.00293699509374487
"44",-0.0486070522140303,8.72542041708024e-12,1,999,0.001,-0.00805762696950383
"45",-0.0486070522140303,8.72542041708024e-12,1,999,0.001,-0.00277539277035284
"46",-0.0486070522140303,8.72542041708024e-12,1,999,0.001,0.0167638140647970
"47",-0.0486070522140303,8.72542041708024e-12,1,999,0.001,-0.00879739648490787
"48",-0.0486070522140303,8.72542041708024e-12,1,999,0.001,-0.0068654292552073
"49",-0.0486070522140303,8.72542041708024e-12,1,999,0.001,0.0104217322958668
"50",-0.0486070522140303,8.72542041708024e-12,1,999,0.001,-0.0190183652251746
"51",-0.0486070522140303,8.72542041708024e-12,1,999,0.001,-0.000245862435928491
"52",-0.0486070522140303,8.72542041708024e-12,1,999,0.001,0.00576564538495369
"53",-0.0486070522140303,8.72542041708024e-12,1,999,0.001,-0.00193788640965075
"54",-0.0486070522140303,8.72542041708024e-12,1,999,0.001,0.00883909787060214
"55",-0.0486070522140303,8.72542041708024e-12,1,999,0.001,-0.00416730657726071
"56",-0.0486070522140303,8.72542041708024e-12,1,999,0.001,-0.0145116142073414
"57",-0.0486070522140303,8.72542041708024e-12,1,999,0.001,0.00774077926063795
"58",-0.0486070522140303,8.72542041708024e-12,1,999,0.001,0.0061527237994123
"59",-0.0486070522140303,8.72542041708024e-12,1,999,0.001,0.00946260286606803
"60",-0.0486070522140303,8.72542041708024e-12,1,999,0.001,-0.00278974034155052
"61",-0.0486070522140303,8.72542041708024e-12,1,999,0.001,0.00557131442316037
"62",-0.0486070522140303,8.72542041708024e-12,1,999,0.001,0.00624985468415992
"63",-0.0486070522140303,8.72542041708024e-12,1,999,0.001,-0.00161348125969568
"64",-0.0486070522140303,8.72542041708024e-12,1,999,0.001,-0.00900028066055844
"65",-0.0486070522140303,8.72542041708024e-12,1,999,0.001,0.00286205798110550
"66",-0.0486070522140303,8.72542041708024e-12,1,999,0.001,0.0171415470162799
"67",-0.0486070522140303,8.72542041708024e-12,1,999,0.001,-0.0086075344665835
"68",-0.0486070522140303,8.72542041708024e-12,1,999,0.001,0.00333073820734469
"69",-0.0486070522140303,8.72542041708024e-12,1,999,0.001,-0.0128765338811614
"70",-0.0486070522140303,8.72542041708024e-12,1,999,0.001,0.0107368440358536
"71",-0.0486070522140303,8.72542041708024e-12,1,999,0.001,-0.0188914668994998
"72",-0.0486070522140303,8.72542041708024e-12,1,999,0.001,-0.00375558711745937
"73",-0.0486070522140303,8.72542041708024e-12,1,999,0.001,0.00493240832116395
"74",-0.0486070522140303,8.72542041708024e-12,1,999,0.001,-0.00484921870957677
"75",-0.0486070522140303,8.72542041708024e-12,1,999,0.001,0.0182373432305103
"76",-0.0486070522140303,8.72542041708024e-12,1,999,0.001,0.0083977440810124
"77",-0.0486070522140303,8.72542041708024e-12,1,999,0.001,0.00329083113599969
"78",-0.0486070522140303,8.72542041708024e-12,1,999,0.001,-0.0108738656147931
"79",-0.0486070522140303,8.72542041708024e-12,1,999,0.001,-0.0111929729243771
"80",-0.0486070522140303,8.72542041708024e-12,1,999,0.001,-0.0140023304252179
"81",-0.0486070522140303,8.72542041708024e-12,1,999,0.001,0.0168727627034009
"82",-0.0486070522140303,8.72542041708024e-12,1,999,0.001,0.0110436807957839
"83",-0.0486070522140303,8.72542041708024e-12,1,999,0.001,0.00548292560651848
"84",-0.0486070522140303,8.72542041708024e-12,1,999,0.001,-0.00685402444803436
"85",-0.0486070522140303,8.72542041708024e-12,1,999,0.001,0.00322219846671597
"86",-0.0486070522140303,8.72542041708024e-12,1,999,0.001,0.00325917429553296
"87",-0.0486070522140303,8.72542041708024e-12,1,999,0.001,0.00312034214393659
"88",-0.0486070522140303,8.72542041708024e-12,1,999,0.001,-0.00769643727594093
"89",-0.0486070522140303,8.72542041708024e-12,1,999,0.001,-0.0226661271322578
"90",-0.0486070522140303,8.72542041708024e-12,1,999,0.001,-0.00649089913478153
"91",-0.0486070522140303,8.72542041708024e-12,1,999,0.001,-0.00768503690206291
"92",-0.0486070522140303,8.72542041708024e-12,1,999,0.001,-0.0081156097454938
"93",-0.0486070522140303,8.72542041708024e-12,1,999,0.001,-0.0106147244548935
"94",-0.0486070522140303,8.72542041708024e-12,1,999,0.001,0.00249463846547185
"95",-0.0486070522140303,8.72542041708024e-12,1,999,0.001,-0.000697573174614706
"96",-0.0486070522140303,8.72542041708024e-12,1,999,0.001,-0.0211161214960320
"97",-0.0486070522140303,8.72542041708024e-12,1,999,0.001,0.0125177626338125
"98",-0.0486070522140303,8.72542041708024e-12,1,999,0.001,0.0200180198031748
"99",-0.0486070522140303,8.72542041708024e-12,1,999,0.001,0.000659102927839732
"100",-0.0486070522140303,8.72542041708024e-12,1,999,0.001,0.00741409308960234
"101",-0.0486070522140303,8.72542041708024e-12,1,999,0.001,-0.0109500128841561
"102",-0.0486070522140303,8.72542041708024e-12,1,999,0.001,-0.0121796329461319
"103",-0.0486070522140303,8.72542041708024e-12,1,999,0.001,-0.00942141383469239
"104",-0.0486070522140303,8.72542041708024e-12,1,999,0.001,0.00860153792815631
"105",-0.0486070522140303,8.72542041708024e-12,1,999,0.001,0.00124018631216428
"106",-0.0486070522140303,8.72542041708024e-12,1,999,0.001,0.00316448583305316
"107",-0.0486070522140303,8.72542041708024e-12,1,999,0.001,0.00639266660588154
"108",-0.0486070522140303,8.72542041708024e-12,1,999,0.001,-0.00402790878928304
"109",-0.0486070522140303,8.72542041708024e-12,1,999,0.001,0.00349671336796413
"110",-0.0486070522140303,8.72542041708024e-12,1,999,0.001,-0.00557873028580759
"111",-0.0486070522140303,8.72542041708024e-12,1,999,0.001,-0.00248064986960664
"112",-0.0486070522140303,8.72542041708024e-12,1,999,0.001,0.0171279505824815
"113",-0.0486070522140303,8.72542041708024e-12,1,999,0.001,0.00700234653098391
"114",-0.0486070522140303,8.72542041708024e-12,1,999,0.001,-0.0305310605184952
"115",-0.0486070522140303,8.72542041708024e-12,1,999,0.001,-0.00118918345864426
"116",-0.0486070522140303,8.72542041708024e-12,1,999,0.001,0.00464129801050551
"117",-0.0486070522140303,8.72542041708024e-12,1,999,0.001,-0.00774118458601356
"118",-0.0486070522140303,8.72542041708024e-12,1,999,0.001,-0.025373017517861
"119",-0.0486070522140303,8.72542041708024e-12,1,999,0.001,0.0191865143977377
"120",-0.0486070522140303,8.72542041708024e-12,1,999,0.001,-0.0296317528472616
"121",-0.0486070522140303,8.72542041708024e-12,1,999,0.001,-0.00646302071614519
"122",-0.0486070522140303,8.72542041708024e-12,1,999,0.001,-0.000527592294550556
"123",-0.0486070522140303,8.72542041708024e-12,1,999,0.001,-0.0154854608453945
"124",-0.0486070522140303,8.72542041708024e-12,1,999,0.001,0.00522864090090585
"125",-0.0486070522140303,8.72542041708024e-12,1,999,0.001,0.0136614532532593
"126",-0.0486070522140303,8.72542041708024e-12,1,999,0.001,-0.00122509569992556
"127",-0.0486070522140303,8.72542041708024e-12,1,999,0.001,-0.0169632476145224
"128",-0.0486070522140303,8.72542041708024e-12,1,999,0.001,0.0107546061132406
"129",-0.0486070522140303,8.72542041708024e-12,1,999,0.001,-0.00181176653035893
"130",-0.0486070522140303,8.72542041708024e-12,1,999,0.001,-0.00397776277543056
"131",-0.0486070522140303,8.72542041708024e-12,1,999,0.001,-0.00633393179698385
"132",-0.0486070522140303,8.72542041708024e-12,1,999,0.001,0.0062117235931855
"133",-0.0486070522140303,8.72542041708024e-12,1,999,0.001,-0.00882994858951108
"134",-0.0486070522140303,8.72542041708024e-12,1,999,0.001,-0.00430901804106805
"135",-0.0486070522140303,8.72542041708024e-12,1,999,0.001,-0.0125025077376995
"136",-0.0486070522140303,8.72542041708024e-12,1,999,0.001,-0.00305181712493113
"137",-0.0486070522140303,8.72542041708024e-12,1,999,0.001,0.00570165861193435
"138",-0.0486070522140303,8.72542041708024e-12,1,999,0.001,-0.0206838950970222
"139",-0.0486070522140303,8.72542041708024e-12,1,999,0.001,0.00210931281625369
"140",-0.0486070522140303,8.72542041708024e-12,1,999,0.001,-0.00985377377113299
"141",-0.0486070522140303,8.72542041708024e-12,1,999,0.001,0.000432999105786047
"142",-0.0486070522140303,8.72542041708024e-12,1,999,0.001,0.0101067525588857
"143",-0.0486070522140303,8.72542041708024e-12,1,999,0.001,0.00839807877358082
"144",-0.0486070522140303,8.72542041708024e-12,1,999,0.001,-0.0141557779512176
"145",-0.0486070522140303,8.72542041708024e-12,1,999,0.001,-0.0152797862442198
"146",-0.0486070522140303,8.72542041708024e-12,1,999,0.001,-0.0122186955499584
"147",-0.0486070522140303,8.72542041708024e-12,1,999,0.001,-0.0165067958625111
"148",-0.0486070522140303,8.72542041708024e-12,1,999,0.001,0.00365190571691515
"149",-0.0486070522140303,8.72542041708024e-12,1,999,0.001,0.000833274556203576
"150",-0.0486070522140303,8.72542041708024e-12,1,999,0.001,-0.0169368530741169
"151",-0.0486070522140303,8.72542041708024e-12,1,999,0.001,0.0105940936412126
"152",-0.0486070522140303,8.72542041708024e-12,1,999,0.001,-0.0120493991707396
"153",-0.0486070522140303,8.72542041708024e-12,1,999,0.001,0.0135302627320602
"154",-0.0486070522140303,8.72542041708024e-12,1,999,0.001,-0.00775995535442847
"155",-0.0486070522140303,8.72542041708024e-12,1,999,0.001,0.000568234516364304
"156",-0.0486070522140303,8.72542041708024e-12,1,999,0.001,-0.0128597576347138
"157",-0.0486070522140303,8.72542041708024e-12,1,999,0.001,-0.0114393487470019
"158",-0.0486070522140303,8.72542041708024e-12,1,999,0.001,-0.00869036902920287
"159",-0.0486070522140303,8.72542041708024e-12,1,999,0.001,0.00791797951472506
"160",-0.0486070522140303,8.72542041708024e-12,1,999,0.001,-0.00236186550105211
"161",-0.0486070522140303,8.72542041708024e-12,1,999,0.001,0.0178076485357460
"162",-0.0486070522140303,8.72542041708024e-12,1,999,0.001,0.0190737074382863
"163",-0.0486070522140303,8.72542041708024e-12,1,999,0.001,-0.00698734575002736
"164",-0.0486070522140303,8.72542041708024e-12,1,999,0.001,-0.0106579973235037
"165",-0.0486070522140303,8.72542041708024e-12,1,999,0.001,0.00310159532051058
"166",-0.0486070522140303,8.72542041708024e-12,1,999,0.001,0.0109591954799651
"167",-0.0486070522140303,8.72542041708024e-12,1,999,0.001,-0.00626154225176215
"168",-0.0486070522140303,8.72542041708024e-12,1,999,0.001,-0.0061683530024069
"169",-0.0486070522140303,8.72542041708024e-12,1,999,0.001,0.00765840925262516
"170",-0.0486070522140303,8.72542041708024e-12,1,999,0.001,-0.0185319279091751
"171",-0.0486070522140303,8.72542041708024e-12,1,999,0.001,0.0115746724378513
"172",-0.0486070522140303,8.72542041708024e-12,1,999,0.001,-0.0125476599898502
"173",-0.0486070522140303,8.72542041708024e-12,1,999,0.001,-0.00508111725660163
"174",-0.0486070522140303,8.72542041708024e-12,1,999,0.001,-0.00255511845206507
"175",-0.0486070522140303,8.72542041708024e-12,1,999,0.001,0.000444412796714414
"176",-0.0486070522140303,8.72542041708024e-12,1,999,0.001,0.00063420032537394
"177",-0.0486070522140303,8.72542041708024e-12,1,999,0.001,0.00534610275110346
"178",-0.0486070522140303,8.72542041708024e-12,1,999,0.001,-0.000686664857466501
"179",-0.0486070522140303,8.72542041708024e-12,1,999,0.001,0.0100563727440378
"180",-0.0486070522140303,8.72542041708024e-12,1,999,0.001,-0.00901018627483027
"181",-0.0486070522140303,8.72542041708024e-12,1,999,0.001,0.00341020300552717
"182",-0.0486070522140303,8.72542041708024e-12,1,999,0.001,0.0082577692475877
"183",-0.0486070522140303,8.72542041708024e-12,1,999,0.001,-0.00453727609146372
"184",-0.0486070522140303,8.72542041708024e-12,1,999,0.001,-0.00204506729999079
"185",-0.0486070522140303,8.72542041708024e-12,1,999,0.001,-0.00858267168505236
"186",-0.0486070522140303,8.72542041708024e-12,1,999,0.001,-0.00121203302273324
"187",-0.0486070522140303,8.72542041708024e-12,1,999,0.001,-0.00195345718290874
"188",-0.0486070522140303,8.72542041708024e-12,1,999,0.001,-0.0161000664286946
"189",-0.0486070522140303,8.72542041708024e-12,1,999,0.001,-0.000928901250477852
"190",-0.0486070522140303,8.72542041708024e-12,1,999,0.001,-0.0155563694125387
"191",-0.0486070522140303,8.72542041708024e-12,1,999,0.001,0.0119876181833189
"192",-0.0486070522140303,8.72542041708024e-12,1,999,0.001,0.0209377233008673
"193",-0.0486070522140303,8.72542041708024e-12,1,999,0.001,-0.0217942726971661
"194",-0.0486070522140303,8.72542041708024e-12,1,999,0.001,0.00923689337738305
"195",-0.0486070522140303,8.72542041708024e-12,1,999,0.001,0.0143745341379474
"196",-0.0486070522140303,8.72542041708024e-12,1,999,0.001,-0.0127470210793196
"197",-0.0486070522140303,8.72542041708024e-12,1,999,0.001,-0.00202398735526006
"198",-0.0486070522140303,8.72542041708024e-12,1,999,0.001,-0.00706703162522844
"199",-0.0486070522140303,8.72542041708024e-12,1,999,0.001,-0.00848690813881629
"200",-0.0486070522140303,8.72542041708024e-12,1,999,0.001,0.000622124233051925
"201",-0.0486070522140303,8.72542041708024e-12,1,999,0.001,0.00387070240890266
"202",-0.0486070522140303,8.72542041708024e-12,1,999,0.001,-0.0350836856709969
"203",-0.0486070522140303,8.72542041708024e-12,1,999,0.001,-0.00963119458877927
"204",-0.0486070522140303,8.72542041708024e-12,1,999,0.001,0.0131663399048797
"205",-0.0486070522140303,8.72542041708024e-12,1,999,0.001,0.0128414174608108
"206",-0.0486070522140303,8.72542041708024e-12,1,999,0.001,-0.00851118098244768
"207",-0.0486070522140303,8.72542041708024e-12,1,999,0.001,-0.00211306372874664
"208",-0.0486070522140303,8.72542041708024e-12,1,999,0.001,-0.00262135395376562
"209",-0.0486070522140303,8.72542041708024e-12,1,999,0.001,-0.0117312177698172
"210",-0.0486070522140303,8.72542041708024e-12,1,999,0.001,0.00563657168403224
"211",-0.0486070522140303,8.72542041708024e-12,1,999,0.001,-0.0084847334178812
"212",-0.0486070522140303,8.72542041708024e-12,1,999,0.001,-0.00397161711557088
"213",-0.0486070522140303,8.72542041708024e-12,1,999,0.001,0.00613682789901812
"214",-0.0486070522140303,8.72542041708024e-12,1,999,0.001,-0.00365731024479684
"215",-0.0486070522140303,8.72542041708024e-12,1,999,0.001,-0.0011753222089285
"216",-0.0486070522140303,8.72542041708024e-12,1,999,0.001,0.00626236863757145
"217",-0.0486070522140303,8.72542041708024e-12,1,999,0.001,0.0120166372236511
"218",-0.0486070522140303,8.72542041708024e-12,1,999,0.001,0.0116253863994057
"219",-0.0486070522140303,8.72542041708024e-12,1,999,0.001,-0.00321707344984775
"220",-0.0486070522140303,8.72542041708024e-12,1,999,0.001,0.0134970245319018
"221",-0.0486070522140303,8.72542041708024e-12,1,999,0.001,0.00606500010927454
"222",-0.0486070522140303,8.72542041708024e-12,1,999,0.001,0.0125912200501930
"223",-0.0486070522140303,8.72542041708024e-12,1,999,0.001,-0.0356990603106186
"224",-0.0486070522140303,8.72542041708024e-12,1,999,0.001,0.00923833789795922
"225",-0.0486070522140303,8.72542041708024e-12,1,999,0.001,-0.000662113331629492
"226",-0.0486070522140303,8.72542041708024e-12,1,999,0.001,-0.00268368200562604
"227",-0.0486070522140303,8.72542041708024e-12,1,999,0.001,0.000126418644847813
"228",-0.0486070522140303,8.72542041708024e-12,1,999,0.001,0.0232929948477553
"229",-0.0486070522140303,8.72542041708024e-12,1,999,0.001,0.00733183389382574
"230",-0.0486070522140303,8.72542041708024e-12,1,999,0.001,0.00451844148363797
"231",-0.0486070522140303,8.72542041708024e-12,1,999,0.001,0.00451944319315991
"232",-0.0486070522140303,8.72542041708024e-12,1,999,0.001,0.00407494562105893
"233",-0.0486070522140303,8.72542041708024e-12,1,999,0.001,0.00124259957515808
"234",-0.0486070522140303,8.72542041708024e-12,1,999,0.001,-0.00651986978062949
"235",-0.0486070522140303,8.72542041708024e-12,1,999,0.001,-0.00768994846982625
"236",-0.0486070522140303,8.72542041708024e-12,1,999,0.001,0.0140212256858923
"237",-0.0486070522140303,8.72542041708024e-12,1,999,0.001,-0.00261963415068304
"238",-0.0486070522140303,8.72542041708024e-12,1,999,0.001,-0.0148037325564989
"239",-0.0486070522140303,8.72542041708024e-12,1,999,0.001,0.0140676674146386
"240",-0.0486070522140303,8.72542041708024e-12,1,999,0.001,0.00319268307734561
"241",-0.0486070522140303,8.72542041708024e-12,1,999,0.001,0.0153281736108314
"242",-0.0486070522140303,8.72542041708024e-12,1,999,0.001,0.00724326489063227
"243",-0.0486070522140303,8.72542041708024e-12,1,999,0.001,-0.0166548568519702
"244",-0.0486070522140303,8.72542041708024e-12,1,999,0.001,-0.0132771403816613
"245",-0.0486070522140303,8.72542041708024e-12,1,999,0.001,0.00468959765757508
"246",-0.0486070522140303,8.72542041708024e-12,1,999,0.001,0.0110579089840097
"247",-0.0486070522140303,8.72542041708024e-12,1,999,0.001,-0.0090430810723459
"248",-0.0486070522140303,8.72542041708024e-12,1,999,0.001,0.0218218829799553
"249",-0.0486070522140303,8.72542041708024e-12,1,999,0.001,0.000399017910053669
"250",-0.0486070522140303,8.72542041708024e-12,1,999,0.001,-0.00198016387898776
"251",-0.0486070522140303,8.72542041708024e-12,1,999,0.001,0.000612087235559797
"252",-0.0486070522140303,8.72542041708024e-12,1,999,0.001,0.0153231714629327
"253",-0.0486070522140303,8.72542041708024e-12,1,999,0.001,-0.00165664914339406
"254",-0.0486070522140303,8.72542041708024e-12,1,999,0.001,0.00217672340046374
"255",-0.0486070522140303,8.72542041708024e-12,1,999,0.001,-0.0327555523851706
"256",-0.0486070522140303,8.72542041708024e-12,1,999,0.001,-0.0084360381038501
"257",-0.0486070522140303,8.72542041708024e-12,1,999,0.001,0.00436385942734067
"258",-0.0486070522140303,8.72542041708024e-12,1,999,0.001,0.0183726791328403
"259",-0.0486070522140303,8.72542041708024e-12,1,999,0.001,0.0165849851895989
"260",-0.0486070522140303,8.72542041708024e-12,1,999,0.001,0.00567006523717734
"261",-0.0486070522140303,8.72542041708024e-12,1,999,0.001,-0.00619455646459632
"262",-0.0486070522140303,8.72542041708024e-12,1,999,0.001,0.000140293527361311
"263",-0.0486070522140303,8.72542041708024e-12,1,999,0.001,-0.0150974067319047
"264",-0.0486070522140303,8.72542041708024e-12,1,999,0.001,2.41698670577448e-05
"265",-0.0486070522140303,8.72542041708024e-12,1,999,0.001,-0.00048874645058878
"266",-0.0486070522140303,8.72542041708024e-12,1,999,0.001,-0.0132017215668945
"267",-0.0486070522140303,8.72542041708024e-12,1,999,0.001,-0.0108362199218057
"268",-0.0486070522140303,8.72542041708024e-12,1,999,0.001,-0.00506562211184162
"269",-0.0486070522140303,8.72542041708024e-12,1,999,0.001,-0.00451625357049452
"270",-0.0486070522140303,8.72542041708024e-12,1,999,0.001,0.00361188382743270
"271",-0.0486070522140303,8.72542041708024e-12,1,999,0.001,-0.00435676230103178
"272",-0.0486070522140303,8.72542041708024e-12,1,999,0.001,-0.0057225290950063
"273",-0.0486070522140303,8.72542041708024e-12,1,999,0.001,-0.00169215718995498
"274",-0.0486070522140303,8.72542041708024e-12,1,999,0.001,0.00532816154145689
"275",-0.0486070522140303,8.72542041708024e-12,1,999,0.001,0.00397664039043309
"276",-0.0486070522140303,8.72542041708024e-12,1,999,0.001,-0.00129336018043546
"277",-0.0486070522140303,8.72542041708024e-12,1,999,0.001,-0.00337961160541438
"278",-0.0486070522140303,8.72542041708024e-12,1,999,0.001,0.00645061851820985
"279",-0.0486070522140303,8.72542041708024e-12,1,999,0.001,0.00203812280904582
"280",-0.0486070522140303,8.72542041708024e-12,1,999,0.001,0.000824444945107137
"281",-0.0486070522140303,8.72542041708024e-12,1,999,0.001,0.0029304230811155
"282",-0.0486070522140303,8.72542041708024e-12,1,999,0.001,-0.0162603534723849
"283",-0.0486070522140303,8.72542041708024e-12,1,999,0.001,0.00298503077181903
"284",-0.0486070522140303,8.72542041708024e-12,1,999,0.001,-0.000933902655866206
"285",-0.0486070522140303,8.72542041708024e-12,1,999,0.001,-0.00214315326626420
"286",-0.0486070522140303,8.72542041708024e-12,1,999,0.001,-0.00398194530593685
"287",-0.0486070522140303,8.72542041708024e-12,1,999,0.001,0.00567775280939527
"288",-0.0486070522140303,8.72542041708024e-12,1,999,0.001,0.00362051409384283
"289",-0.0486070522140303,8.72542041708024e-12,1,999,0.001,0.0142754554709455
"290",-0.0486070522140303,8.72542041708024e-12,1,999,0.001,-0.0220313343920906
"291",-0.0486070522140303,8.72542041708024e-12,1,999,0.001,0.00616734516586459
"292",-0.0486070522140303,8.72542041708024e-12,1,999,0.001,-0.00136776960097799
"293",-0.0486070522140303,8.72542041708024e-12,1,999,0.001,-0.0069724206053213
"294",-0.0486070522140303,8.72542041708024e-12,1,999,0.001,-0.00441870387246802
"295",-0.0486070522140303,8.72542041708024e-12,1,999,0.001,0.00510147344774387
"296",-0.0486070522140303,8.72542041708024e-12,1,999,0.001,-0.00160774720791543
"297",-0.0486070522140303,8.72542041708024e-12,1,999,0.001,-0.00647342019046481
"298",-0.0486070522140303,8.72542041708024e-12,1,999,0.001,0.0078607056200692
"299",-0.0486070522140303,8.72542041708024e-12,1,999,0.001,-0.0157805176823226
"300",-0.0486070522140303,8.72542041708024e-12,1,999,0.001,0.0231912969278798
"301",-0.0486070522140303,8.72542041708024e-12,1,999,0.001,-0.0165492184956788
"302",-0.0486070522140303,8.72542041708024e-12,1,999,0.001,0.0159997800230348
"303",-0.0486070522140303,8.72542041708024e-12,1,999,0.001,-0.00597045591836303
"304",-0.0486070522140303,8.72542041708024e-12,1,999,0.001,-0.00564208324559971
"305",-0.0486070522140303,8.72542041708024e-12,1,999,0.001,-0.00678028839617318
"306",-0.0486070522140303,8.72542041708024e-12,1,999,0.001,-0.00944775969579865
"307",-0.0486070522140303,8.72542041708024e-12,1,999,0.001,0.00263886268503988
"308",-0.0486070522140303,8.72542041708024e-12,1,999,0.001,-0.00321865192886387
"309",-0.0486070522140303,8.72542041708024e-12,1,999,0.001,0.0149069374742714
"310",-0.0486070522140303,8.72542041708024e-12,1,999,0.001,-0.0152675066682060
"311",-0.0486070522140303,8.72542041708024e-12,1,999,0.001,-0.00754718935315996
"312",-0.0486070522140303,8.72542041708024e-12,1,999,0.001,-0.0117525187416916
"313",-0.0486070522140303,8.72542041708024e-12,1,999,0.001,-0.00290838335116695
"314",-0.0486070522140303,8.72542041708024e-12,1,999,0.001,0.0107488365945986
"315",-0.0486070522140303,8.72542041708024e-12,1,999,0.001,0.00146890449508587
"316",-0.0486070522140303,8.72542041708024e-12,1,999,0.001,0.0117509544970840
"317",-0.0486070522140303,8.72542041708024e-12,1,999,0.001,-0.0126615932789599
"318",-0.0486070522140303,8.72542041708024e-12,1,999,0.001,-0.00577924972745382
"319",-0.0486070522140303,8.72542041708024e-12,1,999,0.001,0.00663359729403003
"320",-0.0486070522140303,8.72542041708024e-12,1,999,0.001,0.000163312846921371
"321",-0.0486070522140303,8.72542041708024e-12,1,999,0.001,-0.00680815385219505
"322",-0.0486070522140303,8.72542041708024e-12,1,999,0.001,0.0115850652102338
"323",-0.0486070522140303,8.72542041708024e-12,1,999,0.001,0.00896510837903384
"324",-0.0486070522140303,8.72542041708024e-12,1,999,0.001,-0.00875468749281427
"325",-0.0486070522140303,8.72542041708024e-12,1,999,0.001,0.00549168949651611
"326",-0.0486070522140303,8.72542041708024e-12,1,999,0.001,-0.0180996072945365
"327",-0.0486070522140303,8.72542041708024e-12,1,999,0.001,-0.00204049305961048
"328",-0.0486070522140303,8.72542041708024e-12,1,999,0.001,-0.00889161621088634
"329",-0.0486070522140303,8.72542041708024e-12,1,999,0.001,0.00316866274157911
"330",-0.0486070522140303,8.72542041708024e-12,1,999,0.001,0.0063403702996237
"331",-0.0486070522140303,8.72542041708024e-12,1,999,0.001,-0.00681086163189127
"332",-0.0486070522140303,8.72542041708024e-12,1,999,0.001,0.00111025255580159
"333",-0.0486070522140303,8.72542041708024e-12,1,999,0.001,0.0139166886459750
"334",-0.0486070522140303,8.72542041708024e-12,1,999,0.001,-0.00817315579453709
"335",-0.0486070522140303,8.72542041708024e-12,1,999,0.001,0.0174042759563187
"336",-0.0486070522140303,8.72542041708024e-12,1,999,0.001,0.00607796660654064
"337",-0.0486070522140303,8.72542041708024e-12,1,999,0.001,0.00543520908467517
"338",-0.0486070522140303,8.72542041708024e-12,1,999,0.001,-0.000697619005998756
"339",-0.0486070522140303,8.72542041708024e-12,1,999,0.001,-0.0214293510683801
"340",-0.0486070522140303,8.72542041708024e-12,1,999,0.001,-0.0116064801903735
"341",-0.0486070522140303,8.72542041708024e-12,1,999,0.001,0.00915348364148601
"342",-0.0486070522140303,8.72542041708024e-12,1,999,0.001,0.00178064652335156
"343",-0.0486070522140303,8.72542041708024e-12,1,999,0.001,0.000404425328378483
"344",-0.0486070522140303,8.72542041708024e-12,1,999,0.001,-0.0146465927678551
"345",-0.0486070522140303,8.72542041708024e-12,1,999,0.001,0.00522357712372086
"346",-0.0486070522140303,8.72542041708024e-12,1,999,0.001,0.000756610286466508
"347",-0.0486070522140303,8.72542041708024e-12,1,999,0.001,-0.0150962004062903
"348",-0.0486070522140303,8.72542041708024e-12,1,999,0.001,-0.00117458733681524
"349",-0.0486070522140303,8.72542041708024e-12,1,999,0.001,0.0035463996644662
"350",-0.0486070522140303,8.72542041708024e-12,1,999,0.001,0.0151529205478090
"351",-0.0486070522140303,8.72542041708024e-12,1,999,0.001,0.0116597976384088
"352",-0.0486070522140303,8.72542041708024e-12,1,999,0.001,0.00361900804378566
"353",-0.0486070522140303,8.72542041708024e-12,1,999,0.001,-0.00342733751198291
"354",-0.0486070522140303,8.72542041708024e-12,1,999,0.001,0.0128983601755832
"355",-0.0486070522140303,8.72542041708024e-12,1,999,0.001,-0.0222331958128560
"356",-0.0486070522140303,8.72542041708024e-12,1,999,0.001,-0.00971866610936808
"357",-0.0486070522140303,8.72542041708024e-12,1,999,0.001,0.00400222381501701
"358",-0.0486070522140303,8.72542041708024e-12,1,999,0.001,0.0117292274230015
"359",-0.0486070522140303,8.72542041708024e-12,1,999,0.001,0.0150820506265505
"360",-0.0486070522140303,8.72542041708024e-12,1,999,0.001,-0.0131322017280404
"361",-0.0486070522140303,8.72542041708024e-12,1,999,0.001,-0.00162445397038831
"362",-0.0486070522140303,8.72542041708024e-12,1,999,0.001,-0.00071557217981534
"363",-0.0486070522140303,8.72542041708024e-12,1,999,0.001,-1.17618739708103e-06
"364",-0.0486070522140303,8.72542041708024e-12,1,999,0.001,0.00202157928263738
"365",-0.0486070522140303,8.72542041708024e-12,1,999,0.001,-0.00908066929309687
"366",-0.0486070522140303,8.72542041708024e-12,1,999,0.001,-0.0205978093663064
"367",-0.0486070522140303,8.72542041708024e-12,1,999,0.001,-0.0123072998279452
"368",-0.0486070522140303,8.72542041708024e-12,1,999,0.001,0.0121555768129424
"369",-0.0486070522140303,8.72542041708024e-12,1,999,0.001,-0.00310265740315578
"370",-0.0486070522140303,8.72542041708024e-12,1,999,0.001,-0.00448380662817117
"371",-0.0486070522140303,8.72542041708024e-12,1,999,0.001,-0.00377697344626173
"372",-0.0486070522140303,8.72542041708024e-12,1,999,0.001,-0.00390579800522359
"373",-0.0486070522140303,8.72542041708024e-12,1,999,0.001,-0.00412984113825748
"374",-0.0486070522140303,8.72542041708024e-12,1,999,0.001,0.00695770978869811
"375",-0.0486070522140303,8.72542041708024e-12,1,999,0.001,0.00226156554548425
"376",-0.0486070522140303,8.72542041708024e-12,1,999,0.001,-0.0215174989816232
"377",-0.0486070522140303,8.72542041708024e-12,1,999,0.001,-0.0247038445885278
"378",-0.0486070522140303,8.72542041708024e-12,1,999,0.001,-0.00280843163088809
"379",-0.0486070522140303,8.72542041708024e-12,1,999,0.001,0.0113183902528660
"380",-0.0486070522140303,8.72542041708024e-12,1,999,0.001,0.00747724986848089
"381",-0.0486070522140303,8.72542041708024e-12,1,999,0.001,0.00457862164622732
"382",-0.0486070522140303,8.72542041708024e-12,1,999,0.001,-0.00772744256060224
"383",-0.0486070522140303,8.72542041708024e-12,1,999,0.001,0.000895313120433456
"384",-0.0486070522140303,8.72542041708024e-12,1,999,0.001,-0.0139845858910099
"385",-0.0486070522140303,8.72542041708024e-12,1,999,0.001,-0.00158001412637419
"386",-0.0486070522140303,8.72542041708024e-12,1,999,0.001,0.022833677570512
"387",-0.0486070522140303,8.72542041708024e-12,1,999,0.001,-0.0069432084705671
"388",-0.0486070522140303,8.72542041708024e-12,1,999,0.001,-0.00560081321482383
"389",-0.0486070522140303,8.72542041708024e-12,1,999,0.001,-0.00177045775194723
"390",-0.0486070522140303,8.72542041708024e-12,1,999,0.001,0.00493584106112
"391",-0.0486070522140303,8.72542041708024e-12,1,999,0.001,-0.0145599565686730
"392",-0.0486070522140303,8.72542041708024e-12,1,999,0.001,-0.00161380417153351
"393",-0.0486070522140303,8.72542041708024e-12,1,999,0.001,0.00321292726957698
"394",-0.0486070522140303,8.72542041708024e-12,1,999,0.001,0.00655896531337259
"395",-0.0486070522140303,8.72542041708024e-12,1,999,0.001,1.21705009576815e-06
"396",-0.0486070522140303,8.72542041708024e-12,1,999,0.001,0.00143074216830914
"397",-0.0486070522140303,8.72542041708024e-12,1,999,0.001,-0.0164033748604233
"398",-0.0486070522140303,8.72542041708024e-12,1,999,0.001,-0.00522397862853114
"399",-0.0486070522140303,8.72542041708024e-12,1,999,0.001,-0.00244403639046620
"400",-0.0486070522140303,8.72542041708024e-12,1,999,0.001,0.00244108094822103
"401",-0.0486070522140303,8.72542041708024e-12,1,999,0.001,0.00766198866280475
"402",-0.0486070522140303,8.72542041708024e-12,1,999,0.001,-0.0125320206255350
"403",-0.0486070522140303,8.72542041708024e-12,1,999,0.001,0.00602096182025823
"404",-0.0486070522140303,8.72542041708024e-12,1,999,0.001,-0.00345177006262905
"405",-0.0486070522140303,8.72542041708024e-12,1,999,0.001,-0.00902602218837098
"406",-0.0486070522140303,8.72542041708024e-12,1,999,0.001,0.0183205363913641
"407",-0.0486070522140303,8.72542041708024e-12,1,999,0.001,0.00120447733678150
"408",-0.0486070522140303,8.72542041708024e-12,1,999,0.001,-0.0229760313160391
"409",-0.0486070522140303,8.72542041708024e-12,1,999,0.001,-0.0133171054104629
"410",-0.0486070522140303,8.72542041708024e-12,1,999,0.001,0.0080944588390462
"411",-0.0486070522140303,8.72542041708024e-12,1,999,0.001,0.0121641254185893
"412",-0.0486070522140303,8.72542041708024e-12,1,999,0.001,0.00776168492656245
"413",-0.0486070522140303,8.72542041708024e-12,1,999,0.001,-0.0168742935168007
"414",-0.0486070522140303,8.72542041708024e-12,1,999,0.001,-0.0133529541487306
"415",-0.0486070522140303,8.72542041708024e-12,1,999,0.001,0.00296880049669563
"416",-0.0486070522140303,8.72542041708024e-12,1,999,0.001,-0.00356151737361536
"417",-0.0486070522140303,8.72542041708024e-12,1,999,0.001,-0.00876694676459628
"418",-0.0486070522140303,8.72542041708024e-12,1,999,0.001,-0.0207135723479209
"419",-0.0486070522140303,8.72542041708024e-12,1,999,0.001,0.00973668163800981
"420",-0.0486070522140303,8.72542041708024e-12,1,999,0.001,-0.00205596813688018
"421",-0.0486070522140303,8.72542041708024e-12,1,999,0.001,-0.00227273408767805
"422",-0.0486070522140303,8.72542041708024e-12,1,999,0.001,-0.00398757052270652
"423",-0.0486070522140303,8.72542041708024e-12,1,999,0.001,-0.00686396777732281
"424",-0.0486070522140303,8.72542041708024e-12,1,999,0.001,0.00676177527430192
"425",-0.0486070522140303,8.72542041708024e-12,1,999,0.001,-0.0226222527389836
"426",-0.0486070522140303,8.72542041708024e-12,1,999,0.001,0.0140556083298250
"427",-0.0486070522140303,8.72542041708024e-12,1,999,0.001,-9.84460245268326e-05
"428",-0.0486070522140303,8.72542041708024e-12,1,999,0.001,-0.00217081107874372
"429",-0.0486070522140303,8.72542041708024e-12,1,999,0.001,-0.0143653035126418
"430",-0.0486070522140303,8.72542041708024e-12,1,999,0.001,-0.00350785320331905
"431",-0.0486070522140303,8.72542041708024e-12,1,999,0.001,-0.0194903047029013
"432",-0.0486070522140303,8.72542041708024e-12,1,999,0.001,-0.0027899698007464
"433",-0.0486070522140303,8.72542041708024e-12,1,999,0.001,-0.00155829853761345
"434",-0.0486070522140303,8.72542041708024e-12,1,999,0.001,-0.00498275696426285
"435",-0.0486070522140303,8.72542041708024e-12,1,999,0.001,-0.00314129574972430
"436",-0.0486070522140303,8.72542041708024e-12,1,999,0.001,0.00471089334454911
"437",-0.0486070522140303,8.72542041708024e-12,1,999,0.001,-0.00157899478811772
"438",-0.0486070522140303,8.72542041708024e-12,1,999,0.001,-0.0165684637197059
"439",-0.0486070522140303,8.72542041708024e-12,1,999,0.001,-0.00174444312760570
"440",-0.0486070522140303,8.72542041708024e-12,1,999,0.001,0.0184816315421609
"441",-0.0486070522140303,8.72542041708024e-12,1,999,0.001,-0.0173680639237792
"442",-0.0486070522140303,8.72542041708024e-12,1,999,0.001,0.00834262440465401
"443",-0.0486070522140303,8.72542041708024e-12,1,999,0.001,-0.00817047186725919
"444",-0.0486070522140303,8.72542041708024e-12,1,999,0.001,-0.00717999832559737
"445",-0.0486070522140303,8.72542041708024e-12,1,999,0.001,0.00143291606696155
"446",-0.0486070522140303,8.72542041708024e-12,1,999,0.001,0.0051819124139417
"447",-0.0486070522140303,8.72542041708024e-12,1,999,0.001,-0.0370249218480429
"448",-0.0486070522140303,8.72542041708024e-12,1,999,0.001,0.00327511945946406
"449",-0.0486070522140303,8.72542041708024e-12,1,999,0.001,0.00394831360513044
"450",-0.0486070522140303,8.72542041708024e-12,1,999,0.001,-0.0101298860361298
"451",-0.0486070522140303,8.72542041708024e-12,1,999,0.001,0.0112817094498256
"452",-0.0486070522140303,8.72542041708024e-12,1,999,0.001,-0.0103972939347840
"453",-0.0486070522140303,8.72542041708024e-12,1,999,0.001,-0.0158190738720393
"454",-0.0486070522140303,8.72542041708024e-12,1,999,0.001,-0.000858258297238654
"455",-0.0486070522140303,8.72542041708024e-12,1,999,0.001,0.00329829164008676
"456",-0.0486070522140303,8.72542041708024e-12,1,999,0.001,-0.00959331870609782
"457",-0.0486070522140303,8.72542041708024e-12,1,999,0.001,0.00579985652165043
"458",-0.0486070522140303,8.72542041708024e-12,1,999,0.001,-0.0202289904053409
"459",-0.0486070522140303,8.72542041708024e-12,1,999,0.001,-0.00446899289074776
"460",-0.0486070522140303,8.72542041708024e-12,1,999,0.001,-0.0228429096747109
"461",-0.0486070522140303,8.72542041708024e-12,1,999,0.001,0.0110042401773161
"462",-0.0486070522140303,8.72542041708024e-12,1,999,0.001,-0.0131402285032769
"463",-0.0486070522140303,8.72542041708024e-12,1,999,0.001,-0.00189838504773621
"464",-0.0486070522140303,8.72542041708024e-12,1,999,0.001,-0.00321448763833565
"465",-0.0486070522140303,8.72542041708024e-12,1,999,0.001,-0.00494726371582009
"466",-0.0486070522140303,8.72542041708024e-12,1,999,0.001,0.00367523627471073
"467",-0.0486070522140303,8.72542041708024e-12,1,999,0.001,-0.00696807368445352
"468",-0.0486070522140303,8.72542041708024e-12,1,999,0.001,0.00715445500377095
"469",-0.0486070522140303,8.72542041708024e-12,1,999,0.001,-0.00249608566042655
"470",-0.0486070522140303,8.72542041708024e-12,1,999,0.001,0.000961575714567613
"471",-0.0486070522140303,8.72542041708024e-12,1,999,0.001,0.00961550046981227
"472",-0.0486070522140303,8.72542041708024e-12,1,999,0.001,-0.00669979785493774
"473",-0.0486070522140303,8.72542041708024e-12,1,999,0.001,0.00190962513121872
"474",-0.0486070522140303,8.72542041708024e-12,1,999,0.001,-0.00149082502836612
"475",-0.0486070522140303,8.72542041708024e-12,1,999,0.001,-0.00471869311050489
"476",-0.0486070522140303,8.72542041708024e-12,1,999,0.001,-0.00347499359923414
"477",-0.0486070522140303,8.72542041708024e-12,1,999,0.001,0.00108935728502681
"478",-0.0486070522140303,8.72542041708024e-12,1,999,0.001,-0.0130868200461911
"479",-0.0486070522140303,8.72542041708024e-12,1,999,0.001,-0.000474186480861706
"480",-0.0486070522140303,8.72542041708024e-12,1,999,0.001,-0.0104041888190087
"481",-0.0486070522140303,8.72542041708024e-12,1,999,0.001,0.0131065001530786
"482",-0.0486070522140303,8.72542041708024e-12,1,999,0.001,0.0195077707627548
"483",-0.0486070522140303,8.72542041708024e-12,1,999,0.001,-0.0080733528496097
"484",-0.0486070522140303,8.72542041708024e-12,1,999,0.001,0.0270735039925829
"485",-0.0486070522140303,8.72542041708024e-12,1,999,0.001,-0.00954782465718003
"486",-0.0486070522140303,8.72542041708024e-12,1,999,0.001,-0.00503486118980968
"487",-0.0486070522140303,8.72542041708024e-12,1,999,0.001,-0.00906033657507636
"488",-0.0486070522140303,8.72542041708024e-12,1,999,0.001,0.00425810063905664
"489",-0.0486070522140303,8.72542041708024e-12,1,999,0.001,-0.0143270644993980
"490",-0.0486070522140303,8.72542041708024e-12,1,999,0.001,0.00275822898730491
"491",-0.0486070522140303,8.72542041708024e-12,1,999,0.001,0.0186827687177098
"492",-0.0486070522140303,8.72542041708024e-12,1,999,0.001,-0.00176911966432595
"493",-0.0486070522140303,8.72542041708024e-12,1,999,0.001,-0.00119552091533178
"494",-0.0486070522140303,8.72542041708024e-12,1,999,0.001,0.00192654721516774
"495",-0.0486070522140303,8.72542041708024e-12,1,999,0.001,-0.0106690895015456
"496",-0.0486070522140303,8.72542041708024e-12,1,999,0.001,-0.0249440404449782
"497",-0.0486070522140303,8.72542041708024e-12,1,999,0.001,0.0102140259542417
"498",-0.0486070522140303,8.72542041708024e-12,1,999,0.001,0.000168181418627041
"499",-0.0486070522140303,8.72542041708024e-12,1,999,0.001,-0.00723607938607313
"500",-0.0486070522140303,8.72542041708024e-12,1,999,0.001,0.00828444734321547
"501",-0.0486070522140303,8.72542041708024e-12,1,999,0.001,-0.0126934333924169
"502",-0.0486070522140303,8.72542041708024e-12,1,999,0.001,-0.00748651833587332
"503",-0.0486070522140303,8.72542041708024e-12,1,999,0.001,0.00349850785839237
"504",-0.0486070522140303,8.72542041708024e-12,1,999,0.001,-0.0101118693326512
"505",-0.0486070522140303,8.72542041708024e-12,1,999,0.001,0.00255867127799494
"506",-0.0486070522140303,8.72542041708024e-12,1,999,0.001,-0.0200317564623937
"507",-0.0486070522140303,8.72542041708024e-12,1,999,0.001,-0.00567492340368135
"508",-0.0486070522140303,8.72542041708024e-12,1,999,0.001,-0.00628343225528475
"509",-0.0486070522140303,8.72542041708024e-12,1,999,0.001,-0.0170100347762914
"510",-0.0486070522140303,8.72542041708024e-12,1,999,0.001,-0.00276486959184393
"511",-0.0486070522140303,8.72542041708024e-12,1,999,0.001,0.0055842737698498
"512",-0.0486070522140303,8.72542041708024e-12,1,999,0.001,0.0126453324057757
"513",-0.0486070522140303,8.72542041708024e-12,1,999,0.001,0.00615317594365064
"514",-0.0486070522140303,8.72542041708024e-12,1,999,0.001,-0.0167485914498229
"515",-0.0486070522140303,8.72542041708024e-12,1,999,0.001,0.0223632636643582
"516",-0.0486070522140303,8.72542041708024e-12,1,999,0.001,-0.00961768581139421
"517",-0.0486070522140303,8.72542041708024e-12,1,999,0.001,-0.00906695549491399
"518",-0.0486070522140303,8.72542041708024e-12,1,999,0.001,0.00184636411928902
"519",-0.0486070522140303,8.72542041708024e-12,1,999,0.001,0.0149826818673403
"520",-0.0486070522140303,8.72542041708024e-12,1,999,0.001,-0.0166317957158721
"521",-0.0486070522140303,8.72542041708024e-12,1,999,0.001,-0.0079641307868189
"522",-0.0486070522140303,8.72542041708024e-12,1,999,0.001,-0.023172714212725
"523",-0.0486070522140303,8.72542041708024e-12,1,999,0.001,0.00737262652519335
"524",-0.0486070522140303,8.72542041708024e-12,1,999,0.001,0.00363663133643606
"525",-0.0486070522140303,8.72542041708024e-12,1,999,0.001,0.00444832320497553
"526",-0.0486070522140303,8.72542041708024e-12,1,999,0.001,0.000245821170475847
"527",-0.0486070522140303,8.72542041708024e-12,1,999,0.001,0.00948538039976323
"528",-0.0486070522140303,8.72542041708024e-12,1,999,0.001,0.000259911631650153
"529",-0.0486070522140303,8.72542041708024e-12,1,999,0.001,-0.00380884346656306
"530",-0.0486070522140303,8.72542041708024e-12,1,999,0.001,-0.00213003456656414
"531",-0.0486070522140303,8.72542041708024e-12,1,999,0.001,-0.0122950971613551
"532",-0.0486070522140303,8.72542041708024e-12,1,999,0.001,-0.00560972896443189
"533",-0.0486070522140303,8.72542041708024e-12,1,999,0.001,0.00204527262131288
"534",-0.0486070522140303,8.72542041708024e-12,1,999,0.001,0.012118327055668
"535",-0.0486070522140303,8.72542041708024e-12,1,999,0.001,0.00538215729422531
"536",-0.0486070522140303,8.72542041708024e-12,1,999,0.001,0.0185691087501468
"537",-0.0486070522140303,8.72542041708024e-12,1,999,0.001,-0.00445065711191862
"538",-0.0486070522140303,8.72542041708024e-12,1,999,0.001,0.00270134548496424
"539",-0.0486070522140303,8.72542041708024e-12,1,999,0.001,-0.0144878238764402
"540",-0.0486070522140303,8.72542041708024e-12,1,999,0.001,-0.00826444100816452
"541",-0.0486070522140303,8.72542041708024e-12,1,999,0.001,-0.00240706807428407
"542",-0.0486070522140303,8.72542041708024e-12,1,999,0.001,-0.00920990370695095
"543",-0.0486070522140303,8.72542041708024e-12,1,999,0.001,-0.00654836380756738
"544",-0.0486070522140303,8.72542041708024e-12,1,999,0.001,0.00103483613285712
"545",-0.0486070522140303,8.72542041708024e-12,1,999,0.001,-0.0160424752353267
"546",-0.0486070522140303,8.72542041708024e-12,1,999,0.001,-0.00114369045506623
"547",-0.0486070522140303,8.72542041708024e-12,1,999,0.001,-0.00473112962297675
"548",-0.0486070522140303,8.72542041708024e-12,1,999,0.001,0.00055433776289255
"549",-0.0486070522140303,8.72542041708024e-12,1,999,0.001,-0.0123465760092615
"550",-0.0486070522140303,8.72542041708024e-12,1,999,0.001,0.0137701540133169
"551",-0.0486070522140303,8.72542041708024e-12,1,999,0.001,0.0040888299554004
"552",-0.0486070522140303,8.72542041708024e-12,1,999,0.001,-0.0147347865817164
"553",-0.0486070522140303,8.72542041708024e-12,1,999,0.001,-0.00313376329404833
"554",-0.0486070522140303,8.72542041708024e-12,1,999,0.001,-0.00152046716195736
"555",-0.0486070522140303,8.72542041708024e-12,1,999,0.001,-0.00737930167264444
"556",-0.0486070522140303,8.72542041708024e-12,1,999,0.001,-0.00469024448551705
"557",-0.0486070522140303,8.72542041708024e-12,1,999,0.001,0.0138898543011799
"558",-0.0486070522140303,8.72542041708024e-12,1,999,0.001,-0.00450142941666767
"559",-0.0486070522140303,8.72542041708024e-12,1,999,0.001,0.0123401349421310
"560",-0.0486070522140303,8.72542041708024e-12,1,999,0.001,0.00132645600901971
"561",-0.0486070522140303,8.72542041708024e-12,1,999,0.001,0.00219294398362803
"562",-0.0486070522140303,8.72542041708024e-12,1,999,0.001,-0.00132656072955037
"563",-0.0486070522140303,8.72542041708024e-12,1,999,0.001,0.0119747878779442
"564",-0.0486070522140303,8.72542041708024e-12,1,999,0.001,0.0111635132984284
"565",-0.0486070522140303,8.72542041708024e-12,1,999,0.001,-0.00157547628191280
"566",-0.0486070522140303,8.72542041708024e-12,1,999,0.001,-0.0106685196712692
"567",-0.0486070522140303,8.72542041708024e-12,1,999,0.001,0.00788481128610222
"568",-0.0486070522140303,8.72542041708024e-12,1,999,0.001,-0.00132121745596539
"569",-0.0486070522140303,8.72542041708024e-12,1,999,0.001,-0.001581814269692
"570",-0.0486070522140303,8.72542041708024e-12,1,999,0.001,-0.00446050647086581
"571",-0.0486070522140303,8.72542041708024e-12,1,999,0.001,-0.000714936092852581
"572",-0.0486070522140303,8.72542041708024e-12,1,999,0.001,0.00189784879007389
"573",-0.0486070522140303,8.72542041708024e-12,1,999,0.001,0.0099472132482138
"574",-0.0486070522140303,8.72542041708024e-12,1,999,0.001,0.00880515866336121
"575",-0.0486070522140303,8.72542041708024e-12,1,999,0.001,0.0191249763860078
"576",-0.0486070522140303,8.72542041708024e-12,1,999,0.001,0.000841417144678166
"577",-0.0486070522140303,8.72542041708024e-12,1,999,0.001,0.0154527749747547
"578",-0.0486070522140303,8.72542041708024e-12,1,999,0.001,-0.0124608862856554
"579",-0.0486070522140303,8.72542041708024e-12,1,999,0.001,-0.0190996567107998
"580",-0.0486070522140303,8.72542041708024e-12,1,999,0.001,0.000129976729836772
"581",-0.0486070522140303,8.72542041708024e-12,1,999,0.001,-0.00242149080067947
"582",-0.0486070522140303,8.72542041708024e-12,1,999,0.001,0.00269697263103958
"583",-0.0486070522140303,8.72542041708024e-12,1,999,0.001,0.0115152273733380
"584",-0.0486070522140303,8.72542041708024e-12,1,999,0.001,-0.0109711689488285
"585",-0.0486070522140303,8.72542041708024e-12,1,999,0.001,-0.00725733441590297
"586",-0.0486070522140303,8.72542041708024e-12,1,999,0.001,-0.0109046745893987
"587",-0.0486070522140303,8.72542041708024e-12,1,999,0.001,-0.0172323812342499
"588",-0.0486070522140303,8.72542041708024e-12,1,999,0.001,-0.0134891960339668
"589",-0.0486070522140303,8.72542041708024e-12,1,999,0.001,-0.00196175629381163
"590",-0.0486070522140303,8.72542041708024e-12,1,999,0.001,-0.00265626181034245
"591",-0.0486070522140303,8.72542041708024e-12,1,999,0.001,-0.000756092280875547
"592",-0.0486070522140303,8.72542041708024e-12,1,999,0.001,-0.0122735738656948
"593",-0.0486070522140303,8.72542041708024e-12,1,999,0.001,-0.0205358376645287
"594",-0.0486070522140303,8.72542041708024e-12,1,999,0.001,-0.000288019752384461
"595",-0.0486070522140303,8.72542041708024e-12,1,999,0.001,0.00104429664521339
"596",-0.0486070522140303,8.72542041708024e-12,1,999,0.001,-0.0120447569769613
"597",-0.0486070522140303,8.72542041708024e-12,1,999,0.001,-0.0154199310550871
"598",-0.0486070522140303,8.72542041708024e-12,1,999,0.001,0.0027514211081776
"599",-0.0486070522140303,8.72542041708024e-12,1,999,0.001,0.00141793663097146
"600",-0.0486070522140303,8.72542041708024e-12,1,999,0.001,0.0156027404634921
"601",-0.0486070522140303,8.72542041708024e-12,1,999,0.001,0.000756857818034694
"602",-0.0486070522140303,8.72542041708024e-12,1,999,0.001,5.29582706911897e-05
"603",-0.0486070522140303,8.72542041708024e-12,1,999,0.001,-0.00851305817353634
"604",-0.0486070522140303,8.72542041708024e-12,1,999,0.001,0.0159788682125652
"605",-0.0486070522140303,8.72542041708024e-12,1,999,0.001,-0.00310526832008322
"606",-0.0486070522140303,8.72542041708024e-12,1,999,0.001,-0.00364559260415089
"607",-0.0486070522140303,8.72542041708024e-12,1,999,0.001,0.00261201234443856
"608",-0.0486070522140303,8.72542041708024e-12,1,999,0.001,-0.00133524859492335
"609",-0.0486070522140303,8.72542041708024e-12,1,999,0.001,-0.00529144899423457
"610",-0.0486070522140303,8.72542041708024e-12,1,999,0.001,-0.00708421103993816
"611",-0.0486070522140303,8.72542041708024e-12,1,999,0.001,0.00468063233302573
"612",-0.0486070522140303,8.72542041708024e-12,1,999,0.001,0.0112739169680209
"613",-0.0486070522140303,8.72542041708024e-12,1,999,0.001,-0.0123702221932044
"614",-0.0486070522140303,8.72542041708024e-12,1,999,0.001,0.00707107070885658
"615",-0.0486070522140303,8.72542041708024e-12,1,999,0.001,0.0154667094459573
"616",-0.0486070522140303,8.72542041708024e-12,1,999,0.001,0.00669192982056154
"617",-0.0486070522140303,8.72542041708024e-12,1,999,0.001,0.00674195722456336
"618",-0.0486070522140303,8.72542041708024e-12,1,999,0.001,-0.000786919651055434
"619",-0.0486070522140303,8.72542041708024e-12,1,999,0.001,-0.00378419385575897
"620",-0.0486070522140303,8.72542041708024e-12,1,999,0.001,0.0156722597982512
"621",-0.0486070522140303,8.72542041708024e-12,1,999,0.001,0.00600865311813174
"622",-0.0486070522140303,8.72542041708024e-12,1,999,0.001,0.0144357213612408
"623",-0.0486070522140303,8.72542041708024e-12,1,999,0.001,0.0168062118483802
"624",-0.0486070522140303,8.72542041708024e-12,1,999,0.001,0.00453239460307858
"625",-0.0486070522140303,8.72542041708024e-12,1,999,0.001,-0.00645070816735881
"626",-0.0486070522140303,8.72542041708024e-12,1,999,0.001,0.00473799629618661
"627",-0.0486070522140303,8.72542041708024e-12,1,999,0.001,0.00449370991746091
"628",-0.0486070522140303,8.72542041708024e-12,1,999,0.001,-0.00364537808524367
"629",-0.0486070522140303,8.72542041708024e-12,1,999,0.001,-0.0149039046891383
"630",-0.0486070522140303,8.72542041708024e-12,1,999,0.001,-0.0109359996174344
"631",-0.0486070522140303,8.72542041708024e-12,1,999,0.001,0.0045676205284662
"632",-0.0486070522140303,8.72542041708024e-12,1,999,0.001,-0.00321101037776136
"633",-0.0486070522140303,8.72542041708024e-12,1,999,0.001,-0.0239684684593425
"634",-0.0486070522140303,8.72542041708024e-12,1,999,0.001,0.00256773134907681
"635",-0.0486070522140303,8.72542041708024e-12,1,999,0.001,0.00521252799115212
"636",-0.0486070522140303,8.72542041708024e-12,1,999,0.001,0.00531411408825555
"637",-0.0486070522140303,8.72542041708024e-12,1,999,0.001,-0.0114315278947139
"638",-0.0486070522140303,8.72542041708024e-12,1,999,0.001,-0.00136064800179412
"639",-0.0486070522140303,8.72542041708024e-12,1,999,0.001,-0.00742247254988309
"640",-0.0486070522140303,8.72542041708024e-12,1,999,0.001,-0.0187176205332748
"641",-0.0486070522140303,8.72542041708024e-12,1,999,0.001,-0.00886096575578598
"642",-0.0486070522140303,8.72542041708024e-12,1,999,0.001,0.0126016415060545
"643",-0.0486070522140303,8.72542041708024e-12,1,999,0.001,0.00141238653464519
"644",-0.0486070522140303,8.72542041708024e-12,1,999,0.001,0.0160729550101679
"645",-0.0486070522140303,8.72542041708024e-12,1,999,0.001,0.00373447150219751
"646",-0.0486070522140303,8.72542041708024e-12,1,999,0.001,0.0201783853025871
"647",-0.0486070522140303,8.72542041708024e-12,1,999,0.001,-0.00404345751893393
"648",-0.0486070522140303,8.72542041708024e-12,1,999,0.001,-0.00377964435928985
"649",-0.0486070522140303,8.72542041708024e-12,1,999,0.001,-0.00179151437336011
"650",-0.0486070522140303,8.72542041708024e-12,1,999,0.001,-0.00511923599402017
"651",-0.0486070522140303,8.72542041708024e-12,1,999,0.001,0.00574605776263544
"652",-0.0486070522140303,8.72542041708024e-12,1,999,0.001,-0.0163766914459372
"653",-0.0486070522140303,8.72542041708024e-12,1,999,0.001,0.0097597227606449
"654",-0.0486070522140303,8.72542041708024e-12,1,999,0.001,0.00180830234288337
"655",-0.0486070522140303,8.72542041708024e-12,1,999,0.001,-0.0148447032202384
"656",-0.0486070522140303,8.72542041708024e-12,1,999,0.001,0.00362252024376823
"657",-0.0486070522140303,8.72542041708024e-12,1,999,0.001,-0.00689325233081528
"658",-0.0486070522140303,8.72542041708024e-12,1,999,0.001,0.0139975308763056
"659",-0.0486070522140303,8.72542041708024e-12,1,999,0.001,0.00303164207376475
"660",-0.0486070522140303,8.72542041708024e-12,1,999,0.001,0.00219136491187691
"661",-0.0486070522140303,8.72542041708024e-12,1,999,0.001,0.00575581333488715
"662",-0.0486070522140303,8.72542041708024e-12,1,999,0.001,-0.00666028130493384
"663",-0.0486070522140303,8.72542041708024e-12,1,999,0.001,0.000779766975315428
"664",-0.0486070522140303,8.72542041708024e-12,1,999,0.001,0.00712530937858383
"665",-0.0486070522140303,8.72542041708024e-12,1,999,0.001,-0.00736405156413627
"666",-0.0486070522140303,8.72542041708024e-12,1,999,0.001,-0.000684446857358162
"667",-0.0486070522140303,8.72542041708024e-12,1,999,0.001,-0.00560884957524618
"668",-0.0486070522140303,8.72542041708024e-12,1,999,0.001,0.00990422863441055
"669",-0.0486070522140303,8.72542041708024e-12,1,999,0.001,0.0182784150812651
"670",-0.0486070522140303,8.72542041708024e-12,1,999,0.001,-0.00756457256440038
"671",-0.0486070522140303,8.72542041708024e-12,1,999,0.001,-0.0122867871306334
"672",-0.0486070522140303,8.72542041708024e-12,1,999,0.001,0.00646261994095271
"673",-0.0486070522140303,8.72542041708024e-12,1,999,0.001,-0.0041698186328199
"674",-0.0486070522140303,8.72542041708024e-12,1,999,0.001,0.0231075077977492
"675",-0.0486070522140303,8.72542041708024e-12,1,999,0.001,-0.0264045337168119
"676",-0.0486070522140303,8.72542041708024e-12,1,999,0.001,-0.00285388188854729
"677",-0.0486070522140303,8.72542041708024e-12,1,999,0.001,-0.0026317149793876
"678",-0.0486070522140303,8.72542041708024e-12,1,999,0.001,0.00718117641674148
"679",-0.0486070522140303,8.72542041708024e-12,1,999,0.001,0.0171687711842376
"680",-0.0486070522140303,8.72542041708024e-12,1,999,0.001,-0.0110943641536758
"681",-0.0486070522140303,8.72542041708024e-12,1,999,0.001,0.00356356796058835
"682",-0.0486070522140303,8.72542041708024e-12,1,999,0.001,-0.00381411615565558
"683",-0.0486070522140303,8.72542041708024e-12,1,999,0.001,0.00831667092225265
"684",-0.0486070522140303,8.72542041708024e-12,1,999,0.001,-0.0255246676919628
"685",-0.0486070522140303,8.72542041708024e-12,1,999,0.001,-0.000989355371417642
"686",-0.0486070522140303,8.72542041708024e-12,1,999,0.001,-0.00441985282145201
"687",-0.0486070522140303,8.72542041708024e-12,1,999,0.001,-0.00472819195014998
"688",-0.0486070522140303,8.72542041708024e-12,1,999,0.001,-0.0103786081921736
"689",-0.0486070522140303,8.72542041708024e-12,1,999,0.001,0.00147832078480273
"690",-0.0486070522140303,8.72542041708024e-12,1,999,0.001,-0.00484728071051483
"691",-0.0486070522140303,8.72542041708024e-12,1,999,0.001,-0.0109840011782554
"692",-0.0486070522140303,8.72542041708024e-12,1,999,0.001,-0.0114716316246961
"693",-0.0486070522140303,8.72542041708024e-12,1,999,0.001,0.0100181252736739
"694",-0.0486070522140303,8.72542041708024e-12,1,999,0.001,0.0106847955935061
"695",-0.0486070522140303,8.72542041708024e-12,1,999,0.001,-0.00630427788900995
"696",-0.0486070522140303,8.72542041708024e-12,1,999,0.001,-0.00278361757535225
"697",-0.0486070522140303,8.72542041708024e-12,1,999,0.001,-0.00178791687351878
"698",-0.0486070522140303,8.72542041708024e-12,1,999,0.001,0.00996807324924737
"699",-0.0486070522140303,8.72542041708024e-12,1,999,0.001,0.00388120244675031
"700",-0.0486070522140303,8.72542041708024e-12,1,999,0.001,0.0120796299623022
"701",-0.0486070522140303,8.72542041708024e-12,1,999,0.001,-0.0159323064444462
"702",-0.0486070522140303,8.72542041708024e-12,1,999,0.001,-0.00351091961287006
"703",-0.0486070522140303,8.72542041708024e-12,1,999,0.001,-0.000199011924536573
"704",-0.0486070522140303,8.72542041708024e-12,1,999,0.001,0.0278400828955431
"705",-0.0486070522140303,8.72542041708024e-12,1,999,0.001,0.00174598283072705
"706",-0.0486070522140303,8.72542041708024e-12,1,999,0.001,0.0113843696394647
"707",-0.0486070522140303,8.72542041708024e-12,1,999,0.001,0.0207170130434517
"708",-0.0486070522140303,8.72542041708024e-12,1,999,0.001,-0.00154688230080011
"709",-0.0486070522140303,8.72542041708024e-12,1,999,0.001,-0.00215401318846272
"710",-0.0486070522140303,8.72542041708024e-12,1,999,0.001,-0.00786779554896021
"711",-0.0486070522140303,8.72542041708024e-12,1,999,0.001,-0.0340972994050041
"712",-0.0486070522140303,8.72542041708024e-12,1,999,0.001,-0.00445208336703152
"713",-0.0486070522140303,8.72542041708024e-12,1,999,0.001,-0.0114265167222355
"714",-0.0486070522140303,8.72542041708024e-12,1,999,0.001,-0.00999203951015854
"715",-0.0486070522140303,8.72542041708024e-12,1,999,0.001,-0.0051165162973844
"716",-0.0486070522140303,8.72542041708024e-12,1,999,0.001,-0.0258089404361055
"717",-0.0486070522140303,8.72542041708024e-12,1,999,0.001,-0.00345814770597348
"718",-0.0486070522140303,8.72542041708024e-12,1,999,0.001,-0.0133809703492645
"719",-0.0486070522140303,8.72542041708024e-12,1,999,0.001,-0.0100728594478547
"720",-0.0486070522140303,8.72542041708024e-12,1,999,0.001,-0.0155418187823825
"721",-0.0486070522140303,8.72542041708024e-12,1,999,0.001,0.000431239266030412
"722",-0.0486070522140303,8.72542041708024e-12,1,999,0.001,-0.00729304464989193
"723",-0.0486070522140303,8.72542041708024e-12,1,999,0.001,0.010726822323275
"724",-0.0486070522140303,8.72542041708024e-12,1,999,0.001,-0.00377905875877931
"725",-0.0486070522140303,8.72542041708024e-12,1,999,0.001,-0.0283571902568538
"726",-0.0486070522140303,8.72542041708024e-12,1,999,0.001,0.00881512242907354
"727",-0.0486070522140303,8.72542041708024e-12,1,999,0.001,-0.00498022375792425
"728",-0.0486070522140303,8.72542041708024e-12,1,999,0.001,0.00861602889227153
"729",-0.0486070522140303,8.72542041708024e-12,1,999,0.001,0.00572863648628518
"730",-0.0486070522140303,8.72542041708024e-12,1,999,0.001,-0.00424955036577634
"731",-0.0486070522140303,8.72542041708024e-12,1,999,0.001,-0.0082413230244061
"732",-0.0486070522140303,8.72542041708024e-12,1,999,0.001,-0.00560216635650061
"733",-0.0486070522140303,8.72542041708024e-12,1,999,0.001,0.0104742527221154
"734",-0.0486070522140303,8.72542041708024e-12,1,999,0.001,0.0059200036863427
"735",-0.0486070522140303,8.72542041708024e-12,1,999,0.001,-0.0190824385963997
"736",-0.0486070522140303,8.72542041708024e-12,1,999,0.001,0.00511136615616954
"737",-0.0486070522140303,8.72542041708024e-12,1,999,0.001,-0.0211346519641996
"738",-0.0486070522140303,8.72542041708024e-12,1,999,0.001,-0.00725902373874498
"739",-0.0486070522140303,8.72542041708024e-12,1,999,0.001,-0.0165970258929218
"740",-0.0486070522140303,8.72542041708024e-12,1,999,0.001,0.00275857889847531
"741",-0.0486070522140303,8.72542041708024e-12,1,999,0.001,0.0081539091777311
"742",-0.0486070522140303,8.72542041708024e-12,1,999,0.001,-0.00278961350642398
"743",-0.0486070522140303,8.72542041708024e-12,1,999,0.001,0.00256415398434603
"744",-0.0486070522140303,8.72542041708024e-12,1,999,0.001,-0.0186980827417985
"745",-0.0486070522140303,8.72542041708024e-12,1,999,0.001,-0.00346977668820168
"746",-0.0486070522140303,8.72542041708024e-12,1,999,0.001,0.000136372309127465
"747",-0.0486070522140303,8.72542041708024e-12,1,999,0.001,0.00359156212322832
"748",-0.0486070522140303,8.72542041708024e-12,1,999,0.001,0.00683210564248173
"749",-0.0486070522140303,8.72542041708024e-12,1,999,0.001,0.000522535610706403
"750",-0.0486070522140303,8.72542041708024e-12,1,999,0.001,-0.00876297524271782
"751",-0.0486070522140303,8.72542041708024e-12,1,999,0.001,0.00238991331669721
"752",-0.0486070522140303,8.72542041708024e-12,1,999,0.001,-0.0110983614541693
"753",-0.0486070522140303,8.72542041708024e-12,1,999,0.001,0.0181748850406959
"754",-0.0486070522140303,8.72542041708024e-12,1,999,0.001,-0.0105511854083385
"755",-0.0486070522140303,8.72542041708024e-12,1,999,0.001,0.0182893307910749
"756",-0.0486070522140303,8.72542041708024e-12,1,999,0.001,-0.00489722733585207
"757",-0.0486070522140303,8.72542041708024e-12,1,999,0.001,0.00488069667777472
"758",-0.0486070522140303,8.72542041708024e-12,1,999,0.001,-0.00369022753242941
"759",-0.0486070522140303,8.72542041708024e-12,1,999,0.001,0.0127573909989409
"760",-0.0486070522140303,8.72542041708024e-12,1,999,0.001,-0.00372802691938792
"761",-0.0486070522140303,8.72542041708024e-12,1,999,0.001,-0.0217741473462012
"762",-0.0486070522140303,8.72542041708024e-12,1,999,0.001,-0.0056129581934832
"763",-0.0486070522140303,8.72542041708024e-12,1,999,0.001,-0.0200664907535729
"764",-0.0486070522140303,8.72542041708024e-12,1,999,0.001,0.000298837795850086
"765",-0.0486070522140303,8.72542041708024e-12,1,999,0.001,-0.0197590660267462
"766",-0.0486070522140303,8.72542041708024e-12,1,999,0.001,-0.0102618495635131
"767",-0.0486070522140303,8.72542041708024e-12,1,999,0.001,0.0163935523378803
"768",-0.0486070522140303,8.72542041708024e-12,1,999,0.001,-0.00622675951662728
"769",-0.0486070522140303,8.72542041708024e-12,1,999,0.001,0.00966178110807543
"770",-0.0486070522140303,8.72542041708024e-12,1,999,0.001,-0.0142324715090785
"771",-0.0486070522140303,8.72542041708024e-12,1,999,0.001,0.0193236679788471
"772",-0.0486070522140303,8.72542041708024e-12,1,999,0.001,-0.00424403455907915
"773",-0.0486070522140303,8.72542041708024e-12,1,999,0.001,0.00772196568087683
"774",-0.0486070522140303,8.72542041708024e-12,1,999,0.001,0.0185752172478392
"775",-0.0486070522140303,8.72542041708024e-12,1,999,0.001,-0.0144439420334796
"776",-0.0486070522140303,8.72542041708024e-12,1,999,0.001,0.00108903128455662
"777",-0.0486070522140303,8.72542041708024e-12,1,999,0.001,-0.0144013806611776
"778",-0.0486070522140303,8.72542041708024e-12,1,999,0.001,-0.0105988044779310
"779",-0.0486070522140303,8.72542041708024e-12,1,999,0.001,-0.0157195168141722
"780",-0.0486070522140303,8.72542041708024e-12,1,999,0.001,-0.0085923718075329
"781",-0.0486070522140303,8.72542041708024e-12,1,999,0.001,-0.0243779016001636
"782",-0.0486070522140303,8.72542041708024e-12,1,999,0.001,0.0126255698257497
"783",-0.0486070522140303,8.72542041708024e-12,1,999,0.001,0.0120062300547899
"784",-0.0486070522140303,8.72542041708024e-12,1,999,0.001,-0.00306390614491782
"785",-0.0486070522140303,8.72542041708024e-12,1,999,0.001,0.00897570024146128
"786",-0.0486070522140303,8.72542041708024e-12,1,999,0.001,-0.0137479541349056
"787",-0.0486070522140303,8.72542041708024e-12,1,999,0.001,0.00356222052332624
"788",-0.0486070522140303,8.72542041708024e-12,1,999,0.001,-0.0102844257807479
"789",-0.0486070522140303,8.72542041708024e-12,1,999,0.001,0.0222313586120301
"790",-0.0486070522140303,8.72542041708024e-12,1,999,0.001,-0.00181420679946223
"791",-0.0486070522140303,8.72542041708024e-12,1,999,0.001,-0.0102366621682426
"792",-0.0486070522140303,8.72542041708024e-12,1,999,0.001,-0.0100679451562893
"793",-0.0486070522140303,8.72542041708024e-12,1,999,0.001,-0.00237561891086366
"794",-0.0486070522140303,8.72542041708024e-12,1,999,0.001,-0.00227343844435104
"795",-0.0486070522140303,8.72542041708024e-12,1,999,0.001,0.00560445811432782
"796",-0.0486070522140303,8.72542041708024e-12,1,999,0.001,-0.00682247620925823
"797",-0.0486070522140303,8.72542041708024e-12,1,999,0.001,-0.00202113308316704
"798",-0.0486070522140303,8.72542041708024e-12,1,999,0.001,-0.0207188436924521
"799",-0.0486070522140303,8.72542041708024e-12,1,999,0.001,-0.00987923735975295
"800",-0.0486070522140303,8.72542041708024e-12,1,999,0.001,0.00128668226838995
"801",-0.0486070522140303,8.72542041708024e-12,1,999,0.001,-0.000770816768878446
"802",-0.0486070522140303,8.72542041708024e-12,1,999,0.001,-0.0131459516082063
"803",-0.0486070522140303,8.72542041708024e-12,1,999,0.001,-0.0137343423343983
"804",-0.0486070522140303,8.72542041708024e-12,1,999,0.001,0.00779222096987976
"805",-0.0486070522140303,8.72542041708024e-12,1,999,0.001,0.0107348474489513
"806",-0.0486070522140303,8.72542041708024e-12,1,999,0.001,0.00695466694405505
"807",-0.0486070522140303,8.72542041708024e-12,1,999,0.001,-0.00291504770175257
"808",-0.0486070522140303,8.72542041708024e-12,1,999,0.001,0.0105187242124174
"809",-0.0486070522140303,8.72542041708024e-12,1,999,0.001,-0.00992522286188966
"810",-0.0486070522140303,8.72542041708024e-12,1,999,0.001,0.00875425588808001
"811",-0.0486070522140303,8.72542041708024e-12,1,999,0.001,-0.0249865567959048
"812",-0.0486070522140303,8.72542041708024e-12,1,999,0.001,-0.000595030538695234
"813",-0.0486070522140303,8.72542041708024e-12,1,999,0.001,-0.00512541833073877
"814",-0.0486070522140303,8.72542041708024e-12,1,999,0.001,0.00610356174030678
"815",-0.0486070522140303,8.72542041708024e-12,1,999,0.001,0.00484789347168156
"816",-0.0486070522140303,8.72542041708024e-12,1,999,0.001,-0.0024452291798187
"817",-0.0486070522140303,8.72542041708024e-12,1,999,0.001,-0.000944800765195707
"818",-0.0486070522140303,8.72542041708024e-12,1,999,0.001,-0.0194334871623868
"819",-0.0486070522140303,8.72542041708024e-12,1,999,0.001,-0.0375330431401332
"820",-0.0486070522140303,8.72542041708024e-12,1,999,0.001,-0.00329713440369345
"821",-0.0486070522140303,8.72542041708024e-12,1,999,0.001,0.00109756055962660
"822",-0.0486070522140303,8.72542041708024e-12,1,999,0.001,0.00462886905521338
"823",-0.0486070522140303,8.72542041708024e-12,1,999,0.001,-0.00527080806885418
"824",-0.0486070522140303,8.72542041708024e-12,1,999,0.001,0.0108067445407536
"825",-0.0486070522140303,8.72542041708024e-12,1,999,0.001,0.00159915532303936
"826",-0.0486070522140303,8.72542041708024e-12,1,999,0.001,-0.0241491233419158
"827",-0.0486070522140303,8.72542041708024e-12,1,999,0.001,0.00464160635706486
"828",-0.0486070522140303,8.72542041708024e-12,1,999,0.001,0.0102016103013209
"829",-0.0486070522140303,8.72542041708024e-12,1,999,0.001,-0.0130103054329273
"830",-0.0486070522140303,8.72542041708024e-12,1,999,0.001,0.00844922117888508
"831",-0.0486070522140303,8.72542041708024e-12,1,999,0.001,-0.0073344252920759
"832",-0.0486070522140303,8.72542041708024e-12,1,999,0.001,0.0108228683087472
"833",-0.0486070522140303,8.72542041708024e-12,1,999,0.001,0.0125968327632164
"834",-0.0486070522140303,8.72542041708024e-12,1,999,0.001,-0.00686989183544854
"835",-0.0486070522140303,8.72542041708024e-12,1,999,0.001,0.00391064049527228
"836",-0.0486070522140303,8.72542041708024e-12,1,999,0.001,-0.0244899427996186
"837",-0.0486070522140303,8.72542041708024e-12,1,999,0.001,0.000443528225315620
"838",-0.0486070522140303,8.72542041708024e-12,1,999,0.001,-0.0108433772509328
"839",-0.0486070522140303,8.72542041708024e-12,1,999,0.001,0.0259813797020486
"840",-0.0486070522140303,8.72542041708024e-12,1,999,0.001,-0.0100383289804037
"841",-0.0486070522140303,8.72542041708024e-12,1,999,0.001,-0.00281945755053390
"842",-0.0486070522140303,8.72542041708024e-12,1,999,0.001,0.00756771655628867
"843",-0.0486070522140303,8.72542041708024e-12,1,999,0.001,-0.0078686710915139
"844",-0.0486070522140303,8.72542041708024e-12,1,999,0.001,0.00511003154508888
"845",-0.0486070522140303,8.72542041708024e-12,1,999,0.001,-0.0154613532784630
"846",-0.0486070522140303,8.72542041708024e-12,1,999,0.001,-0.0148828431086039
"847",-0.0486070522140303,8.72542041708024e-12,1,999,0.001,-0.00544722110915568
"848",-0.0486070522140303,8.72542041708024e-12,1,999,0.001,-0.0130843745004974
"849",-0.0486070522140303,8.72542041708024e-12,1,999,0.001,-0.00813280423881167
"850",-0.0486070522140303,8.72542041708024e-12,1,999,0.001,-0.0122390032363258
"851",-0.0486070522140303,8.72542041708024e-12,1,999,0.001,0.0159060804659163
"852",-0.0486070522140303,8.72542041708024e-12,1,999,0.001,-0.00448582093723361
"853",-0.0486070522140303,8.72542041708024e-12,1,999,0.001,0.00200733763809455
"854",-0.0486070522140303,8.72542041708024e-12,1,999,0.001,0.00127804326827538
"855",-0.0486070522140303,8.72542041708024e-12,1,999,0.001,-0.0034157333419672
"856",-0.0486070522140303,8.72542041708024e-12,1,999,0.001,0.00934630062848148
"857",-0.0486070522140303,8.72542041708024e-12,1,999,0.001,0.0119282306500453
"858",-0.0486070522140303,8.72542041708024e-12,1,999,0.001,-0.000616369906560466
"859",-0.0486070522140303,8.72542041708024e-12,1,999,0.001,-0.00050461038233093
"860",-0.0486070522140303,8.72542041708024e-12,1,999,0.001,0.0139757287445983
"861",-0.0486070522140303,8.72542041708024e-12,1,999,0.001,-0.0194767372268198
"862",-0.0486070522140303,8.72542041708024e-12,1,999,0.001,-0.00610693692143124
"863",-0.0486070522140303,8.72542041708024e-12,1,999,0.001,-0.00997579944584949
"864",-0.0486070522140303,8.72542041708024e-12,1,999,0.001,-0.00431948543363173
"865",-0.0486070522140303,8.72542041708024e-12,1,999,0.001,-0.0147730796612993
"866",-0.0486070522140303,8.72542041708024e-12,1,999,0.001,0.0091453888280612
"867",-0.0486070522140303,8.72542041708024e-12,1,999,0.001,0.0205500701435326
"868",-0.0486070522140303,8.72542041708024e-12,1,999,0.001,0.00146154134286980
"869",-0.0486070522140303,8.72542041708024e-12,1,999,0.001,-7.47368511622064e-05
"870",-0.0486070522140303,8.72542041708024e-12,1,999,0.001,-0.0165762482658871
"871",-0.0486070522140303,8.72542041708024e-12,1,999,0.001,0.00792404900998572
"872",-0.0486070522140303,8.72542041708024e-12,1,999,0.001,-0.0042741566485088
"873",-0.0486070522140303,8.72542041708024e-12,1,999,0.001,-0.00157452678127753
"874",-0.0486070522140303,8.72542041708024e-12,1,999,0.001,-0.0378768574654083
"875",-0.0486070522140303,8.72542041708024e-12,1,999,0.001,-0.0135950150729342
"876",-0.0486070522140303,8.72542041708024e-12,1,999,0.001,-0.00897517025833677
"877",-0.0486070522140303,8.72542041708024e-12,1,999,0.001,0.00723583331110226
"878",-0.0486070522140303,8.72542041708024e-12,1,999,0.001,0.0058653049761816
"879",-0.0486070522140303,8.72542041708024e-12,1,999,0.001,-0.00787547515520675
"880",-0.0486070522140303,8.72542041708024e-12,1,999,0.001,-0.00457755622492575
"881",-0.0486070522140303,8.72542041708024e-12,1,999,0.001,0.00601063223338886
"882",-0.0486070522140303,8.72542041708024e-12,1,999,0.001,-0.00774577951278556
"883",-0.0486070522140303,8.72542041708024e-12,1,999,0.001,-0.0193604702431183
"884",-0.0486070522140303,8.72542041708024e-12,1,999,0.001,0.00689143485079293
"885",-0.0486070522140303,8.72542041708024e-12,1,999,0.001,-0.0127856558681710
"886",-0.0486070522140303,8.72542041708024e-12,1,999,0.001,-0.0174078849273714
"887",-0.0486070522140303,8.72542041708024e-12,1,999,0.001,-0.00841253882083415
"888",-0.0486070522140303,8.72542041708024e-12,1,999,0.001,-0.00576117278507718
"889",-0.0486070522140303,8.72542041708024e-12,1,999,0.001,0.00236085171187471
"890",-0.0486070522140303,8.72542041708024e-12,1,999,0.001,0.00553330462204964
"891",-0.0486070522140303,8.72542041708024e-12,1,999,0.001,0.0191093818664385
"892",-0.0486070522140303,8.72542041708024e-12,1,999,0.001,0.0122395158438803
"893",-0.0486070522140303,8.72542041708024e-12,1,999,0.001,0.0122573592686345
"894",-0.0486070522140303,8.72542041708024e-12,1,999,0.001,0.00804817317637254
"895",-0.0486070522140303,8.72542041708024e-12,1,999,0.001,-0.00900204710294995
"896",-0.0486070522140303,8.72542041708024e-12,1,999,0.001,4.97740895607622e-06
"897",-0.0486070522140303,8.72542041708024e-12,1,999,0.001,-0.00533774989701458
"898",-0.0486070522140303,8.72542041708024e-12,1,999,0.001,-0.0115261641699089
"899",-0.0486070522140303,8.72542041708024e-12,1,999,0.001,0.0157702973676900
"900",-0.0486070522140303,8.72542041708024e-12,1,999,0.001,-0.0062280197178393
"901",-0.0486070522140303,8.72542041708024e-12,1,999,0.001,-0.0134306971727994
"902",-0.0486070522140303,8.72542041708024e-12,1,999,0.001,-0.00279545872605757
"903",-0.0486070522140303,8.72542041708024e-12,1,999,0.001,0.0121085758048392
"904",-0.0486070522140303,8.72542041708024e-12,1,999,0.001,0.0248122837716654
"905",-0.0486070522140303,8.72542041708024e-12,1,999,0.001,-0.0123562359574909
"906",-0.0486070522140303,8.72542041708024e-12,1,999,0.001,-0.0215211910977614
"907",-0.0486070522140303,8.72542041708024e-12,1,999,0.001,-0.0150487846896097
"908",-0.0486070522140303,8.72542041708024e-12,1,999,0.001,0.000866741896207726
"909",-0.0486070522140303,8.72542041708024e-12,1,999,0.001,-0.0141463343480679
"910",-0.0486070522140303,8.72542041708024e-12,1,999,0.001,-0.00033081497020263
"911",-0.0486070522140303,8.72542041708024e-12,1,999,0.001,0.00134355182285466
"912",-0.0486070522140303,8.72542041708024e-12,1,999,0.001,-0.0118779025081115
"913",-0.0486070522140303,8.72542041708024e-12,1,999,0.001,0.00406938976966817
"914",-0.0486070522140303,8.72542041708024e-12,1,999,0.001,-0.00584176482180452
"915",-0.0486070522140303,8.72542041708024e-12,1,999,0.001,-0.00351816083316926
"916",-0.0486070522140303,8.72542041708024e-12,1,999,0.001,-0.00889358572307402
"917",-0.0486070522140303,8.72542041708024e-12,1,999,0.001,0.00217520907122378
"918",-0.0486070522140303,8.72542041708024e-12,1,999,0.001,0.0118269033221830
"919",-0.0486070522140303,8.72542041708024e-12,1,999,0.001,-0.0213907756695831
"920",-0.0486070522140303,8.72542041708024e-12,1,999,0.001,-0.0200315304245722
"921",-0.0486070522140303,8.72542041708024e-12,1,999,0.001,0.0187067453047605
"922",-0.0486070522140303,8.72542041708024e-12,1,999,0.001,0.00326285075244803
"923",-0.0486070522140303,8.72542041708024e-12,1,999,0.001,-0.00411523351031586
"924",-0.0486070522140303,8.72542041708024e-12,1,999,0.001,-0.00721015550233919
"925",-0.0486070522140303,8.72542041708024e-12,1,999,0.001,-0.00957025302481962
"926",-0.0486070522140303,8.72542041708024e-12,1,999,0.001,0.0132281241299170
"927",-0.0486070522140303,8.72542041708024e-12,1,999,0.001,-0.0031155093446299
"928",-0.0486070522140303,8.72542041708024e-12,1,999,0.001,-0.00905805884524208
"929",-0.0486070522140303,8.72542041708024e-12,1,999,0.001,0.01484408495839
"930",-0.0486070522140303,8.72542041708024e-12,1,999,0.001,-0.00225010381607687
"931",-0.0486070522140303,8.72542041708024e-12,1,999,0.001,0.00309491136756431
"932",-0.0486070522140303,8.72542041708024e-12,1,999,0.001,-0.00562190745403036
"933",-0.0486070522140303,8.72542041708024e-12,1,999,0.001,0.00159923946091966
"934",-0.0486070522140303,8.72542041708024e-12,1,999,0.001,0.00520708397605553
"935",-0.0486070522140303,8.72542041708024e-12,1,999,0.001,-0.0094770283451460
"936",-0.0486070522140303,8.72542041708024e-12,1,999,0.001,0.0117101036774670
"937",-0.0486070522140303,8.72542041708024e-12,1,999,0.001,-0.000142886278350607
"938",-0.0486070522140303,8.72542041708024e-12,1,999,0.001,-0.0106509850061400
"939",-0.0486070522140303,8.72542041708024e-12,1,999,0.001,-0.00318795979007789
"940",-0.0486070522140303,8.72542041708024e-12,1,999,0.001,-0.0101402670364735
"941",-0.0486070522140303,8.72542041708024e-12,1,999,0.001,-0.0117467212330120
"942",-0.0486070522140303,8.72542041708024e-12,1,999,0.001,0.00366224860592708
"943",-0.0486070522140303,8.72542041708024e-12,1,999,0.001,-0.00412667143138799
"944",-0.0486070522140303,8.72542041708024e-12,1,999,0.001,0.00239261433690056
"945",-0.0486070522140303,8.72542041708024e-12,1,999,0.001,0.00614766128120007
"946",-0.0486070522140303,8.72542041708024e-12,1,999,0.001,0.0136809450549323
"947",-0.0486070522140303,8.72542041708024e-12,1,999,0.001,0.00607013874712522
"948",-0.0486070522140303,8.72542041708024e-12,1,999,0.001,-0.00564710514073882
"949",-0.0486070522140303,8.72542041708024e-12,1,999,0.001,-0.0278283954698902
"950",-0.0486070522140303,8.72542041708024e-12,1,999,0.001,0.0127731713187090
"951",-0.0486070522140303,8.72542041708024e-12,1,999,0.001,-0.00791876904575444
"952",-0.0486070522140303,8.72542041708024e-12,1,999,0.001,-0.00672448425488868
"953",-0.0486070522140303,8.72542041708024e-12,1,999,0.001,-0.00301004976079582
"954",-0.0486070522140303,8.72542041708024e-12,1,999,0.001,-0.00228047911761145
"955",-0.0486070522140303,8.72542041708024e-12,1,999,0.001,0.000811210178655165
"956",-0.0486070522140303,8.72542041708024e-12,1,999,0.001,0.00198173999627146
"957",-0.0486070522140303,8.72542041708024e-12,1,999,0.001,-0.0208099018917871
"958",-0.0486070522140303,8.72542041708024e-12,1,999,0.001,0.00537326792747299
"959",-0.0486070522140303,8.72542041708024e-12,1,999,0.001,-0.00599175835922231
"960",-0.0486070522140303,8.72542041708024e-12,1,999,0.001,0.00913876294875736
"961",-0.0486070522140303,8.72542041708024e-12,1,999,0.001,-0.00232423569792069
"962",-0.0486070522140303,8.72542041708024e-12,1,999,0.001,-0.00732696894387584
"963",-0.0486070522140303,8.72542041708024e-12,1,999,0.001,-0.0121395737632740
"964",-0.0486070522140303,8.72542041708024e-12,1,999,0.001,-0.00953212722723455
"965",-0.0486070522140303,8.72542041708024e-12,1,999,0.001,0.00112693539370637
"966",-0.0486070522140303,8.72542041708024e-12,1,999,0.001,0.0134561403199091
"967",-0.0486070522140303,8.72542041708024e-12,1,999,0.001,-0.0265927095498824
"968",-0.0486070522140303,8.72542041708024e-12,1,999,0.001,0.00173753143972114
"969",-0.0486070522140303,8.72542041708024e-12,1,999,0.001,-0.0133006728619956
"970",-0.0486070522140303,8.72542041708024e-12,1,999,0.001,-0.00296363516892819
"971",-0.0486070522140303,8.72542041708024e-12,1,999,0.001,-0.0058974003117376
"972",-0.0486070522140303,8.72542041708024e-12,1,999,0.001,-0.00409132477699083
"973",-0.0486070522140303,8.72542041708024e-12,1,999,0.001,-0.0135825554617211
"974",-0.0486070522140303,8.72542041708024e-12,1,999,0.001,-0.00719786564975727
"975",-0.0486070522140303,8.72542041708024e-12,1,999,0.001,0.00829779285327387
"976",-0.0486070522140303,8.72542041708024e-12,1,999,0.001,-0.00430444849953354
"977",-0.0486070522140303,8.72542041708024e-12,1,999,0.001,0.00777433602954072
"978",-0.0486070522140303,8.72542041708024e-12,1,999,0.001,-0.00949293868109916
"979",-0.0486070522140303,8.72542041708024e-12,1,999,0.001,0.00372016450771586
"980",-0.0486070522140303,8.72542041708024e-12,1,999,0.001,0.0104297983848497
"981",-0.0486070522140303,8.72542041708024e-12,1,999,0.001,-0.00417977006938227
"982",-0.0486070522140303,8.72542041708024e-12,1,999,0.001,-0.0234684052505589
"983",-0.0486070522140303,8.72542041708024e-12,1,999,0.001,0.00551715250716359
"984",-0.0486070522140303,8.72542041708024e-12,1,999,0.001,0.00623099382185936
"985",-0.0486070522140303,8.72542041708024e-12,1,999,0.001,0.00241408583460016
"986",-0.0486070522140303,8.72542041708024e-12,1,999,0.001,0.00171857102569510
"987",-0.0486070522140303,8.72542041708024e-12,1,999,0.001,0.0112124141417436
"988",-0.0486070522140303,8.72542041708024e-12,1,999,0.001,-0.0249954801153960
"989",-0.0486070522140303,8.72542041708024e-12,1,999,0.001,0.0124761358145094
"990",-0.0486070522140303,8.72542041708024e-12,1,999,0.001,-0.0113328544938590
"991",-0.0486070522140303,8.72542041708024e-12,1,999,0.001,-0.00112580621254777
"992",-0.0486070522140303,8.72542041708024e-12,1,999,0.001,0.0037097026574705
"993",-0.0486070522140303,8.72542041708024e-12,1,999,0.001,-0.0067377865330579
"994",-0.0486070522140303,8.72542041708024e-12,1,999,0.001,0.0103743372235262
"995",-0.0486070522140303,8.72542041708024e-12,1,999,0.001,0.009318548302016
"996",-0.0486070522140303,8.72542041708024e-12,1,999,0.001,0.0113468792245012
"997",-0.0486070522140303,8.72542041708024e-12,1,999,0.001,-0.0215856546260974
"998",-0.0486070522140303,8.72542041708024e-12,1,999,0.001,0.00935567743944257
"999",-0.0486070522140303,8.72542041708024e-12,1,999,0.001,0.00470857753165251
